provincia,confraria,banco,lat,lon
A Coruña,A Coruña,A Baixada-1-2,43.33650791,-8.383560023
A Coruña,A Coruña,As Maruxas Grande (Sur-Interior),43.32624103,-8.373303216
A Coruña,A Coruña,As Maruxas Pequena,43.32893692,-8.377247253
A Coruña,A Coruña,As Maruxas Pequena - Gancha a Pe,43.32777446,-8.377086448
A Coruña,A Coruña,Barrañán (Praia do Reloxeiro) (Zona F),43.31312041,-8.560493842
A Coruña,A Coruña,Bens (Illa Redonda) (Zona Ll),43.3694818,-8.458122646
A Coruña,A Coruña,Bens (Praia sa Refinería) (Zona L),43.36107903,-8.457790178
A Coruña,A Coruña,Caion (Praia da Salseira) (Zona E),43.31995783,-8.608394669
A Coruña,A Coruña,Canle do Canijote - Gancha A Pe,43.33497864,-8.382169204
A Coruña,A Coruña,Leira (Leira-Caion)  (Zona D),43.31422321,-8.6276566
A Coruña,A Coruña,Leira (Zona B),43.30754248,-8.643412405
A Coruña,A Coruña,Leira (Zona C),43.30786691,-8.63918734
A Coruña,A Coruña,Marxe Dereita,43.33390456,-8.381699003
A Coruña,A Coruña,Marxe Dereita - Gancha A Pe,43.33460566,-8.383135177
A Coruña,A Coruña,Marxe Esquerda - Gancha A Pe,43.33154697,-8.381994295
A Coruña,A Coruña,O Bastiagueiro Pequeno,43.34360137,-8.357011748
A Coruña,A Coruña,O Caínzo,43.32315399,-8.370300917
A Coruña,A Coruña,O Carniceiro,43.33020235,-8.379787647
A Coruña,A Coruña,Orzán,43.37632383,-8.407030601
A Coruña,A Coruña,Os Castelos (Dereita-1) (Zona I),43.32745946,-8.516782341
A Coruña,A Coruña,Os Castelos (Esquerda) (Zona I),43.32611086,-8.519414024
A Coruña,A Coruña,Parque de Abella,43.33863634,-8.385857773
A Coruña,A Coruña,Parque do Carniceiro,43.3315,-8.379971805
A Coruña,A Coruña,Parque Ponte de Pasaxe,43.33007244,-8.380738754
A Coruña,A Coruña,Pedra do Sal (Zona A),43.30413863,-8.656618862
A Coruña,A Coruña,Portiño,43.37804977,-8.447812678
A Coruña,A Coruña,Praia Balcobo Pequeno - Pedra Herba,43.31998412,-8.529365593
A Coruña,A Coruña,Praia de Sta. Cristina,43.33776929,-8.382029882
A Coruña,A Coruña,Praia Sabón (Térmica) (Zona J),43.33296958,-8.506086975
A Coruña,A Coruña,Pta. da Praia de Sta. Cristina,43.34029102,-8.385458649
A Coruña,A Coruña,Riazor,43.37027604,-8.411138034
A Coruña,A Coruña,Ripibello (Zona H),43.32296286,-8.522423526
A Coruña,A Coruña,San Amaro,43.38419836,-8.39247218
A Coruña,A Coruña,Suevos (A Redonda) (Zona K),43.35921337,-8.486684225
A Coruña,A Coruña,Suevos (Fabrica Artabra) (Zona K),43.35382866,-8.476746802
A Coruña,A Coruña,Suevos (Porto) (Zona K),43.35558083,-8.48786247
A Coruña,A Coruña,Suevos (Praia Suevos) (Zona K),43.35380049,-8.484422329
A Coruña,"Baldaio ""Fonte de Santa Helena""",A Entrada,43.29522854,-8.667270955
A Coruña,"Baldaio ""Fonte de Santa Helena""",As Dunas,43.29741839,-8.670982161
A Coruña,"Baldaio ""Fonte de Santa Helena""",As Pontes,43.29685957,-8.667681221
A Coruña,"Baldaio ""Fonte de Santa Helena""",Banco 1-3,43.2934845,-8.671373195
A Coruña,"Baldaio ""Fonte de Santa Helena""",Banco A,43.29596814,-8.67080506
A Coruña,"Baldaio ""Fonte de Santa Helena""",Banco C,43.2924712,-8.666607986
A Coruña,"Baldaio ""Fonte de Santa Helena""",Lagoa de Baldaio - Zona de Autorización,43.29338761,-8.672125693
A Coruña,"Baldaio ""Fonte de Santa Helena""",Zona de Autorización: Lagoa Interna (Zona 4),43.2916325,-8.669275227
A Coruña,"Baldaio ""Fonte de Santa Helena""",Zona de Autorización: Lagoa Interna (Zona 6),43.29135251,-8.668980895
A Coruña,Camariñas,Ariño,43.12803009,-9.160722563
A Coruña,Camariñas,Canle Río da Ponte,43.12620314,-9.159980148
A Coruña,Camariñas,Esda. de A Vasa,43.13777936,-9.169060318
A Coruña,Camariñas,Paxariña,43.1306917,-9.150291274
A Coruña,Camariñas,Praia de Area da Vila,43.13696603,-9.176927533
A Coruña,Camariñas,Praia de Lingunde,43.13678304,-9.172930809
A Coruña,Camariñas,Pta. Gallego-Fond. Pozo,43.12791267,-9.147616626
A Coruña,Camariñas,Pta. Roda-Pta. Lago,43.11721843,-9.164787523
A Coruña,Camelle,A Barda-1-2,43.28334558,-8.92839458
A Coruña,Camelle,A Lagoa,43.1875221,-9.100123006
A Coruña,Camelle,A Señora,43.18226218,-9.07848202
A Coruña,Camelle,A Tiños,43.23332354,-8.944309839
A Coruña,Camelle,Area Das Cunchas,43.26232947,-8.974877016
A Coruña,Camelle,Area Das Vacas-1-2,43.22836413,-8.949006134
A Coruña,Camelle,Arou,43.18611097,-9.107171972
A Coruña,Camelle,As Lameiras-1-2,43.18651244,-9.111098278
A Coruña,Camelle,Aviño,43.29420875,-8.739294658
A Coruña,Camelle,Balares-1-2,43.24008501,-8.942148251
A Coruña,Camelle,Balares-3-4,43.24144648,-8.945731215
A Coruña,Camelle,Cabana,43.19355827,-9.132624362
A Coruña,Camelle,Castelo Barca de Maje,43.31821739,-8.80356773
A Coruña,Camelle,Coido Beo Esteiro,43.31928281,-8.853548839
A Coruña,Camelle,Coido Seaia ,43.32497574,-8.814621798
A Coruña,Camelle,Dos Rías-1,43.29413514,-8.742574124
A Coruña,Camelle,Dos Rías-2-3,43.29408222,-8.747110915
A Coruña,Camelle,Fonte Fría,43.31172472,-8.798187577
A Coruña,Camelle,Fustín,43.23706819,-8.941670776
A Coruña,Camelle,Hermida-1-2,43.26149451,-8.953906916
A Coruña,Camelle,Illote Dos Cagallóns,43.23335948,-8.928028861
A Coruña,Camelle,Insua,43.26942697,-8.98531139
A Coruña,Camelle,Lobeiras,43.19468293,-9.11697152
A Coruña,Camelle,Malpica,43.32416212,-8.815401275
A Coruña,Camelle,O Besugueiro,43.19256946,-9.114346054
A Coruña,Camelle,O Cabezo,43.18752221,-9.061801591
A Coruña,Camelle,Os Ingleses,43.1838772,-9.161373514
A Coruña,Camelle,Os Muíños,43.30915067,-8.788911094
A Coruña,Camelle,Paio Pedreira,43.20326426,-9.03701417
A Coruña,Camelle,Pradeiras,43.29724277,-8.731280651
A Coruña,Camelle,Praia de Area Maior,43.32387075,-8.813416439
A Coruña,Camelle,Praia de Arnela,43.26496359,-8.959941961
A Coruña,Camelle,Praia de Barizo-1-2,43.31358933,-8.874069924
A Coruña,Camelle,Praia de Beo-1-2,43.32119127,-8.846292385
A Coruña,Camelle,Praia de Camelle-1-3,43.18140724,-9.090010656
A Coruña,Camelle,Praia de Esteiro-1-3,43.31674024,-8.8580932
A Coruña,Camelle,Praia de Laxe,43.22076642,-9.003927801
A Coruña,Camelle,Praia de Niñóns-1,43.29575587,-8.907207338
A Coruña,Camelle,Praia de Niñóns-2-3,43.29426989,-8.906938388
A Coruña,Camelle,Praia de Osmo,43.26513349,-8.956688896
A Coruña,Camelle,Praia de Razo-1-2,43.29207102,-8.704467061
A Coruña,Camelle,Praia de Soesto-1-2,43.21766695,-9.020881545
A Coruña,Camelle,Praia de Torradas,43.29450587,-8.735360847
A Coruña,Camelle,Praia de Traba,43.19106802,-9.047258433
A Coruña,Camelle,Praia do Trece,43.18538092,-9.154916962
A Coruña,Camelle,Puntal do Curro,43.18764353,-9.105291806
A Coruña,Camelle,Rebordelo,43.22854126,-8.965088619
A Coruña,Camelle,Rega-1-2,43.30013371,-8.773050399
A Coruña,Camelle,Río Covo,43.25431654,-8.950930984
A Coruña,Camelle,Ríos,43.19118606,-9.135991317
A Coruña,Camelle,Sabadelle,43.18184631,-9.080856358
A Coruña,Camelle,San Miro-1-2,43.30097654,-8.76678412
A Coruña,Camelle,San Pedro,43.22452687,-8.971284657
A Coruña,Camelle,Seaia-1,43.32780783,-8.826170546
A Coruña,Camelle,Sta. Mariña,43.29310651,-8.916284361
A Coruña,Camelle,Sta. Mariña-1-2,43.29666574,-8.72716559
A Coruña,Camelle,Taín,43.21138526,-9.04083548
A Coruña,Camelle,Xareiro,43.31383804,-8.801756755
A Coruña,Corme,A Barda-1-2,43.28334558,-8.92839458
A Coruña,Corme,A Lagoa,43.1875221,-9.100123006
A Coruña,Corme,A Señora,43.18226218,-9.07848202
A Coruña,Corme,A Tiños,43.23332354,-8.944309839
A Coruña,Corme,Area Das Cunchas,43.26232947,-8.974877016
A Coruña,Corme,Area Das Vacas-1-2,43.22836413,-8.949006134
A Coruña,Corme,Arou,43.18611097,-9.107171972
A Coruña,Corme,As Lameiras-1-2,43.18651244,-9.111098278
A Coruña,Corme,Aviño,43.29420875,-8.739294658
A Coruña,Corme,Balares-1-2,43.24008501,-8.942148251
A Coruña,Corme,Balares-3-4,43.24144648,-8.945731215
A Coruña,Corme,Cabana,43.19355827,-9.132624362
A Coruña,Corme,Castelo Barca de Maje,43.31821739,-8.80356773
A Coruña,Corme,Coido Beo Esteiro,43.31928281,-8.853548839
A Coruña,Corme,Coido Seaia ,43.32497574,-8.814621798
A Coruña,Corme,Dos Rías-1,43.29413514,-8.742574124
A Coruña,Corme,Dos Rías-2-3,43.29408222,-8.747110915
A Coruña,Corme,Fonte Fría,43.31172472,-8.798187577
A Coruña,Corme,Fustín,43.23706819,-8.941670776
A Coruña,Corme,Hermida-1-2,43.26149451,-8.953906916
A Coruña,Corme,Illote Dos Cagallóns,43.23335948,-8.928028861
A Coruña,Corme,Insua,43.26942697,-8.98531139
A Coruña,Corme,Lobeiras,43.19468293,-9.11697152
A Coruña,Corme,Malpica,43.32416212,-8.815401275
A Coruña,Corme,O Besugueiro,43.19256946,-9.114346054
A Coruña,Corme,O Cabezo,43.18752221,-9.061801591
A Coruña,Corme,Os Ingleses,43.1838772,-9.161373514
A Coruña,Corme,Os Muíños,43.30915067,-8.788911094
A Coruña,Corme,Paio Pedreira,43.20326426,-9.03701417
A Coruña,Corme,Pradeiras,43.29724277,-8.731280651
A Coruña,Corme,Praia de Area Maior,43.32387075,-8.813416439
A Coruña,Corme,Praia de Arnela,43.26496359,-8.959941961
A Coruña,Corme,Praia de Barizo-1-2,43.31358933,-8.874069924
A Coruña,Corme,Praia de Beo-1-2,43.32119127,-8.846292385
A Coruña,Corme,Praia de Camelle-1-3,43.18140724,-9.090010656
A Coruña,Corme,Praia de Esteiro-1-3,43.31674024,-8.8580932
A Coruña,Corme,Praia de Laxe,43.22076642,-9.003927801
A Coruña,Corme,Praia de Niñóns-1,43.29575587,-8.907207338
A Coruña,Corme,Praia de Niñóns-2-3,43.29426989,-8.906938388
A Coruña,Corme,Praia de Osmo,43.26513349,-8.956688896
A Coruña,Corme,Praia de Razo-1-2,43.29207102,-8.704467061
A Coruña,Corme,Praia de Soesto-1-2,43.21766695,-9.020881545
A Coruña,Corme,Praia de Torradas,43.29450587,-8.735360847
A Coruña,Corme,Praia de Traba,43.19106802,-9.047258433
A Coruña,Corme,Praia do Trece,43.18538092,-9.154916962
A Coruña,Corme,Puntal do Curro,43.18764353,-9.105291806
A Coruña,Corme,Rebordelo,43.22854126,-8.965088619
A Coruña,Corme,Rega-1-2,43.30013371,-8.773050399
A Coruña,Corme,Río Covo,43.25431654,-8.950930984
A Coruña,Corme,Ríos,43.19118606,-9.135991317
A Coruña,Corme,Sabadelle,43.18184631,-9.080856358
A Coruña,Corme,San Miro-1-2,43.30097654,-8.76678412
A Coruña,Corme,San Pedro,43.22452687,-8.971284657
A Coruña,Corme,Seaia-1,43.32780783,-8.826170546
A Coruña,Corme,Sta. Mariña,43.29310651,-8.916284361
A Coruña,Corme,Sta. Mariña-1-2,43.29666574,-8.72716559
A Coruña,Corme,Taín,43.21138526,-9.04083548
A Coruña,Corme,Xareiro,43.31383804,-8.801756755
A Coruña,Espasante,Antigo Parque de Daniel,43.68221946,-7.866342189
A Coruña,Espasante,Antigo Parque de Ortigueira S.L.,43.69292217,-7.821542944
A Coruña,Espasante,Antigo Parque Muiños-1,43.6980207,-7.813066358
A Coruña,Espasante,Barbos,43.6958417,-7.817403034
A Coruña,Espasante,Canle Central,43.68483995,-7.870015011
A Coruña,Espasante,Canle de Entrada,43.70779858,-7.826985825
A Coruña,Espasante,Cano Cabalar,43.69657776,-7.866952775
A Coruña,Espasante,Cano Cabalar (Norte),43.69777969,-7.868307641
A Coruña,Espasante,Cano Chico,43.69841795,-7.828881324
A Coruña,Espasante,Cano de Laxas,43.69924847,-7.831731917
A Coruña,Espasante,Cano Ponte Baleo-1-3,43.69740932,-7.812284195
A Coruña,Espasante,Celtigos-1-2,43.73378103,-7.784508112
A Coruña,Espasante,Chouseira-1-2,43.69905648,-7.8157017
A Coruña,Espasante,Lagarea,43.67783993,-7.851550095
A Coruña,Espasante,Laxas,43.69431236,-7.835066559
A Coruña,Espasante,Meseta1-2,43.69853357,-7.817374942
A Coruña,Espasante,Mexilloal,43.6946812,-7.870922231
A Coruña,Espasante,Os Castros (Praia Fabrega),43.73948668,-7.764100823
A Coruña,Espasante,Pena Furada,43.73785385,-7.773000991
A Coruña,Espasante,Picon,43.74600366,-7.748218349
A Coruña,Espasante,Praia Cabalar,43.70212993,-7.865718819
A Coruña,Espasante,Praia de Morouzos,43.7064144,-7.83338002
A Coruña,Espasante,Praia Furada (Este),43.73894095,-7.768595093
A Coruña,Espasante,Praia Furada (Oeste),43.73915538,-7.770950202
A Coruña,Espasante,Raias1-2-3,43.68469665,-7.867362556
A Coruña,Espasante,Senra,43.67327024,-7.860978115
A Coruña,Espasante,Sta. Eulalia,43.71318837,-7.81877494
A Coruña,Ferrol,Cabana-Malata,43.4903154,-8.247242453
A Coruña,Ferrol,Esda. de Caranza (Pie),43.48208205,-8.210680288
A Coruña,Ferrol,Gandara I-Ii,43.48819905,-8.193064261
A Coruña,Ferrol,Gandara Iib,43.49373743,-8.176751195
A Coruña,Ferrol,O Couto,43.36508462,-8.547564414
A Coruña,Ferrol,Praia Caranza-Pta. Montón(I-Ii),43.48106213,-8.192281305
A Coruña,Ferrol,Praia da Graña,43.48066296,-8.259678293
A Coruña,Ferrol,Praia de San Felipe,43.46698725,-8.27969966
A Coruña,Lira-Carnota,Portocubelo,42.80363333,-9.136447959
A Coruña,Lira-Carnota,Praia da Berberecheira 1-2,42.85060019,-9.107422314
A Coruña,Lira-Carnota,Praia de A Lagoa,42.83841105,-9.102971526
A Coruña,Lira-Carnota,Praia de Carnota-Caldebarcos-1,42.82880462,-9.110198561
A Coruña,Malpica de Bergantiños,A Barda-1-2,43.28334558,-8.92839458
A Coruña,Malpica de Bergantiños,A Lagoa,43.1875221,-9.100123006
A Coruña,Malpica de Bergantiños,A Señora,43.18226218,-9.07848202
A Coruña,Malpica de Bergantiños,A Tiños,43.23332354,-8.944309839
A Coruña,Malpica de Bergantiños,Area Das Cunchas,43.26232947,-8.974877016
A Coruña,Malpica de Bergantiños,Area Das Vacas-1-2,43.22836413,-8.949006134
A Coruña,Malpica de Bergantiños,Arou,43.18611097,-9.107171972
A Coruña,Malpica de Bergantiños,As Lameiras-1-2,43.18651244,-9.111098278
A Coruña,Malpica de Bergantiños,Aviño,43.29420875,-8.739294658
A Coruña,Malpica de Bergantiños,Balares-1-2,43.24008501,-8.942148251
A Coruña,Malpica de Bergantiños,Balares-3-4,43.24144648,-8.945731215
A Coruña,Malpica de Bergantiños,Cabana,43.19355827,-9.132624362
A Coruña,Malpica de Bergantiños,Castelo Barca de Maje,43.31821739,-8.80356773
A Coruña,Malpica de Bergantiños,Coido Beo Esteiro,43.31928281,-8.853548839
A Coruña,Malpica de Bergantiños,Coido Seaia ,43.32497574,-8.814621798
A Coruña,Malpica de Bergantiños,Dos Rías-1,43.29413514,-8.742574124
A Coruña,Malpica de Bergantiños,Dos Rías-2-3,43.29408222,-8.747110915
A Coruña,Malpica de Bergantiños,Fonte Fría,43.31172472,-8.798187577
A Coruña,Malpica de Bergantiños,Fustín,43.23706819,-8.941670776
A Coruña,Malpica de Bergantiños,Hermida-1-2,43.26149451,-8.953906916
A Coruña,Malpica de Bergantiños,Illote Dos Cagallóns,43.23335948,-8.928028861
A Coruña,Malpica de Bergantiños,Insua,43.26942697,-8.98531139
A Coruña,Malpica de Bergantiños,Lobeiras,43.19468293,-9.11697152
A Coruña,Malpica de Bergantiños,Malpica,43.32416212,-8.815401275
A Coruña,Malpica de Bergantiños,O Besugueiro,43.19256946,-9.114346054
A Coruña,Malpica de Bergantiños,O Cabezo,43.18752221,-9.061801591
A Coruña,Malpica de Bergantiños,Os Ingleses,43.1838772,-9.161373514
A Coruña,Malpica de Bergantiños,Os Muíños,43.30915067,-8.788911094
A Coruña,Malpica de Bergantiños,Paio Pedreira,43.20326426,-9.03701417
A Coruña,Malpica de Bergantiños,Pradeiras,43.29724277,-8.731280651
A Coruña,Malpica de Bergantiños,Praia de Area Maior,43.32387075,-8.813416439
A Coruña,Malpica de Bergantiños,Praia de Arnela,43.26496359,-8.959941961
A Coruña,Malpica de Bergantiños,Praia de Barizo-1-2,43.31358933,-8.874069924
A Coruña,Malpica de Bergantiños,Praia de Beo-1-2,43.32119127,-8.846292385
A Coruña,Malpica de Bergantiños,Praia de Camelle-1-3,43.18140724,-9.090010656
A Coruña,Malpica de Bergantiños,Praia de Esteiro-1-3,43.31674024,-8.8580932
A Coruña,Malpica de Bergantiños,Praia de Laxe,43.22076642,-9.003927801
A Coruña,Malpica de Bergantiños,Praia de Niñóns-1,43.29575587,-8.907207338
A Coruña,Malpica de Bergantiños,Praia de Niñóns-2-3,43.29426989,-8.906938388
A Coruña,Malpica de Bergantiños,Praia de Osmo,43.26513349,-8.956688896
A Coruña,Malpica de Bergantiños,Praia de Razo-1-2,43.29207102,-8.704467061
A Coruña,Malpica de Bergantiños,Praia de Soesto-1-2,43.21766695,-9.020881545
A Coruña,Malpica de Bergantiños,Praia de Torradas,43.29450587,-8.735360847
A Coruña,Malpica de Bergantiños,Praia de Traba,43.19106802,-9.047258433
A Coruña,Malpica de Bergantiños,Praia do Trece,43.18538092,-9.154916962
A Coruña,Malpica de Bergantiños,Puntal do Curro,43.18764353,-9.105291806
A Coruña,Malpica de Bergantiños,Rebordelo,43.22854126,-8.965088619
A Coruña,Malpica de Bergantiños,Rega-1-2,43.30013371,-8.773050399
A Coruña,Malpica de Bergantiños,Río Covo,43.25431654,-8.950930984
A Coruña,Malpica de Bergantiños,Ríos,43.19118606,-9.135991317
A Coruña,Malpica de Bergantiños,Sabadelle,43.18184631,-9.080856358
A Coruña,Malpica de Bergantiños,San Miro-1-2,43.30097654,-8.76678412
A Coruña,Malpica de Bergantiños,San Pedro,43.22452687,-8.971284657
A Coruña,Malpica de Bergantiños,Seaia-1,43.32780783,-8.826170546
A Coruña,Malpica de Bergantiños,Sta. Mariña,43.29310651,-8.916284361
A Coruña,Malpica de Bergantiños,Sta. Mariña-1-2,43.29666574,-8.72716559
A Coruña,Malpica de Bergantiños,Taín,43.21138526,-9.04083548
A Coruña,Malpica de Bergantiños,Xareiro,43.31383804,-8.801756755
A Coruña,Miño,Bañobre,43.36232004,-8.206224489
A Coruña,Miño,Bañobre (Estr. A),43.36403989,-8.210126732
A Coruña,Miño,Carabel,43.30979718,-8.211495404
A Coruña,Miño,Castelo,43.3243185,-8.20585612
A Coruña,Miño,Couce-I,43.35164846,-8.217802039
A Coruña,Miño,Cuco,43.31834501,-8.209251358
A Coruña,Miño,Ememasa-(I-Iii),43.33731035,-8.210818723
A Coruña,Miño,Espiñeira1-2,43.33019129,-8.210022798
A Coruña,Miño,Parque de Alpompor (Antigo)-Ponte do Porco,43.33866263,-8.208444922
A Coruña,Miño,Parque María Monteiro Sabín,43.32737677,-8.205384576
A Coruña,Miño,Parque Poliparco Manso Varela,43.32340566,-8.207964705
A Coruña,Miño,Pedrido,43.32520815,-8.209495352
A Coruña,Miño,Ponte do Porco1-2,43.3396352,-8.20845696
A Coruña,Miño,Porto-Praia Pequena1-2,43.34998102,-8.211012395
A Coruña,Miño,Praia da Alameda,43.32374609,-8.207713611
A Coruña,Miño,Praia Das Vacas1-2,43.36636194,-8.212577383
A Coruña,Miño,Praia de O Pedrido,43.33236546,-8.213226467
A Coruña,Miño,Souto1-2,43.31334423,-8.211387887
A Coruña,Muros,A Viña (Praia de Avilleira),42.79539293,-9.012619487
A Coruña,Muros,Desembocadura Río Maior,42.79165469,-8.980289352
A Coruña,Muros,Liñares (Praia da Avilleira),42.7983006,-9.020189679
A Coruña,Muros,Praia da Virxe,42.7836264,-9.058916464
A Coruña,Muros,Praia de Avilleira,42.79702226,-9.017572363
A Coruña,Muros,Praia de Castillo,42.77452433,-9.053981532
A Coruña,Muros,Praia de Esteiro,42.79024004,-8.976108108
A Coruña,Muros,Salgueiros (Praia da Avilleira),42.79255605,-9.014147364
A Coruña,Muros,Ventín,42.79824518,-9.026915472
A Coruña,Ntra Sra de las Arenas de Fisterra,Arnela,42.94322355,-9.283979392
A Coruña,Ntra Sra de las Arenas de Fisterra,Langosteira-1,42.92326837,-9.257175234
A Coruña,Ntra Sra de las Arenas de Fisterra,Lires,43.0016044,-9.261022922
A Coruña,Ntra Sra de las Arenas de Fisterra,Mar de Fora,42.90801265,-9.276859469
A Coruña,Ntra Sra de las Arenas de Fisterra,Rostro,42.9690993,-9.267384574
A Coruña,Ntra Sra de las Arenas de Fisterra,Sardiñeiro-1,42.9412443,-9.231105856
A Coruña,Nuestra Señora do Carmen de Cariño,Altos da Caleira,43.70818086,-7.870296467
A Coruña,Nuestra Señora do Carmen de Cariño,Cascabellal-Macelos,43.69228082,-7.878611082
A Coruña,Nuestra Señora do Carmen de Cariño,Esda. de Esteiro,43.68538642,-7.884397296
A Coruña,Nuestra Señora do Carmen de Cariño,Mea,43.68872753,-7.875277485
A Coruña,Nuestra Señora do Carmen de Cariño,Novela,43.71165733,-7.872217206
A Coruña,Nuestra Señora do Carmen de Cariño,Pena Redonda,43.70116374,-7.878209709
A Coruña,Nuestra Señora do Carmen de Cariño,Petón,43.6827185,-7.874930713
A Coruña,Nuestra Señora do Carmen de Cariño,Poza da Xelfa,43.6735118,-7.86989268
A Coruña,Nuestra Señora do Carmen de Cariño,Praia de Cabalos,43.70895921,-7.851725569
A Coruña,Nuestra Señora do Carmen de Cariño,Praia de Cariño,43.73795938,-7.869662176
A Coruña,Nuestra Señora do Carmen de Cariño,Praia de Figueiras,43.71066287,-7.860915584
A Coruña,Nuestra Señora do Carmen de Cariño,Pta. de Fornelos,43.67638848,-7.865794491
A Coruña,Nuestra Señora do Carmen de Cariño,Puntal,43.68658712,-7.878282902
A Coruña,Nuestra Señora do Carmen de Cariño,Saiña,43.67815157,-7.869259733
A Coruña,Nuestra Señora do Carmen de Cariño,Sismundi,43.70592688,-7.873640289
A Coruña,Nuestra Señora do Carmen de Cariño,Sismundi-O Forno,43.70309772,-7.87618788
A Coruña,O Barqueiro - Bares,A Caibanca,43.71639966,-7.69356894
A Coruña,O Barqueiro - Bares,A Canaleta,43.72913967,-7.699847853
A Coruña,O Barqueiro - Bares,A Escaleira,43.72110663,-7.702082449
A Coruña,O Barqueiro - Bares,A Lama,43.71237194,-7.701997916
A Coruña,O Barqueiro - Bares,A Laxe,43.72063812,-7.702055321
A Coruña,O Barqueiro - Bares,A Moreira,43.72226404,-7.701722255
A Coruña,O Barqueiro - Bares,Cabo,43.72452565,-7.70028288
A Coruña,O Barqueiro - Bares,O Cereixal,43.72435673,-7.700472763
A Coruña,O Barqueiro - Bares,O Lamón,43.72078396,-7.698253294
A Coruña,O Barqueiro - Bares,Os Barcos,43.7263462,-7.699647553
A Coruña,O Barqueiro - Bares,Pena Ourada-Rego da Forca,43.73581385,-7.700845867
A Coruña,O Barqueiro - Bares,Praia de Vilela,43.75367498,-7.688808173
A Coruña,O Barqueiro - Bares,Pta. da Barra (Fabriquín)-Pena do Xeixo (Praia Salgueira),43.74076163,-7.69178494
A Coruña,O Barqueiro - Bares,Rampa de San Fiz-Pta. Preguntoiro,43.71744379,-7.698275963
A Coruña,O Barqueiro - Bares,Rego da Forca-Ponte Vella,43.73167692,-7.701270567
A Coruña,O Pindo,Arnela,42.94322355,-9.283979392
A Coruña,O Pindo,Lires,43.0016044,-9.261022922
A Coruña,O Pindo,Mar de Fora,42.90801265,-9.276859469
A Coruña,O Pindo,Portocubelo,42.80363333,-9.136447959
A Coruña,O Pindo,Poza Das Centolas,42.84372497,-9.128899822
A Coruña,O Pindo,Praia da Berberecheira 1-2,42.85060019,-9.107422314
A Coruña,O Pindo,Praia de A Lagoa,42.83841105,-9.102971526
A Coruña,O Pindo,Praia de Area Blanca,42.86890748,-9.148209951
A Coruña,O Pindo,Praia de Carnota-Caldebarcos-1,42.82880462,-9.110198561
A Coruña,O Pindo,Praia de Cornabecerra E O Portiño,42.87684189,-9.147628969
A Coruña,O Pindo,Praia de San Pedro,42.89062908,-9.140374894
A Coruña,O Pindo,Pta. Caldebarcos,42.84432129,-9.127138815
A Coruña,O Pindo,Rostro,42.9690993,-9.267384574
A Coruña,Palmeira,Praia da Corna,42.58342409,-8.942990723
A Coruña,Palmeira,Praia de Cambra,42.57610043,-8.959496224
A Coruña,Palmeira,Praia de Cruces,42.58150297,-8.956982349
A Coruña,Palmeira,Praia de Insuela,42.57129222,-8.962033673
A Coruña,Pobra do Caramiñal,Areal,42.60000687,-8.932346009
A Coruña,Pobra do Caramiñal,Cabío,42.59070489,-8.919838896
A Coruña,Pobra do Caramiñal,Insuas da Ribeiriña,42.62616457,-8.913256891
A Coruña,Pobra do Caramiñal,Raposiños,42.61279245,-8.928198948
A Coruña,Ría de Arousa-Abanqueiro,Pedra Rubia 1-2,42.62721948,-8.839340233
A Coruña,Ría de Arousa-Abanqueiro,Praia de Fontenla,42.62966004,-8.839358348
A Coruña,Ría de Arousa-Abanqueiro,Praia de Fontenla-3,42.62942611,-8.839517493
A Coruña,Ría de Arousa-Abanqueiro,Praia de Portomouro,42.63347599,-8.837616641
A Coruña,Ría de Arousa-Abanqueiro,Pta. de Fontenla,42.63197363,-8.838742591
A Coruña,Ría de Arousa-Abanqueiro,Pta. de Portomouro-1,42.63543267,-8.839355698
A Coruña,Río Anllóns,Caduleira,43.21947357,-8.942894184
A Coruña,Río Anllóns,Canle Ourixeira,43.22715618,-8.929563113
A Coruña,Río Anllóns,Lodeiro,43.21722305,-8.944262932
A Coruña,Río Anllóns,O Pendón,43.21995512,-8.934139411
A Coruña,Río Anllóns,Ourixeira,43.22920671,-8.925533893
A Coruña,Río Anllóns,Petrallo,42.90448618,-9.155828728
A Coruña,Río Anllóns,Sartaña- Zona de Autorización,43.22406945,-8.932706614
A Coruña,Sada,Praia de Sada,43.35077838,-8.249203731
A Coruña,San Bartolomé de Noia,A Seca de Broña,42.80290347,-8.934583527
A Coruña,San Bartolomé de Noia,Barquiña,42.79566555,-8.90044991
A Coruña,San Bartolomé de Noia,Boa,42.77988458,-8.932798444
A Coruña,San Bartolomé de Noia,Esda. de Testal,42.79017577,-8.904591487
A Coruña,San Bartolomé de Noia,Esda. Escollera,42.78888848,-8.894860849
A Coruña,San Bartolomé de Noia,Mexilloeira,42.78442491,-8.935568841
A Coruña,San Bartolomé de Noia,Misela-1-2,42.78810652,-8.932765097
A Coruña,San Bartolomé de Noia,Ponte de Ceilán,42.81589367,-8.892698938
A Coruña,San Bartolomé de Noia,Portosiavo,42.80097997,-8.941348348
A Coruña,San Bartolomé de Noia,Praia de Broña,42.80038778,-8.92924203
A Coruña,San Bartolomé de Noia,Praia Testal,42.79182163,-8.913233788
A Coruña,San Bartolomé de Noia,Saíñas-Corveiros,42.81122796,-8.901697011
A Coruña,San Bartolomé de Noia,San Cosme,42.79900457,-8.908882495
A Coruña,San Telmo de Mugardos,Baixada Lastre de Noville,43.45789268,-8.225926875
A Coruña,San Telmo de Mugardos,Campo de As Pegas,43.45765362,-8.229193164
A Coruña,San Telmo de Mugardos,Marea Morta de A Barca,43.457513,-8.232384017
A Coruña,San Telmo de Mugardos,Marea Morta de Noville,43.45653339,-8.225981297
A Coruña,San Telmo de Mugardos,Nande,43.45923472,-8.279729895
A Coruña,San Telmo de Mugardos,O Baño (Enseada),43.45748524,-8.26797089
A Coruña,San Telmo de Mugardos,Os Lastres,43.4587247,-8.229130113
A Coruña,San Telmo de Mugardos,Praia da Bestarruza,43.45989393,-8.264468328
A Coruña,San Telmo de Mugardos,Praia de Mugardos,43.46228684,-8.257158274
A Coruña,San Telmo de Mugardos,Pta. Redonda,43.46329169,-8.271992622
A Coruña,San Telmo de Mugardos,Sta. Lucía,43.46121501,-8.248839758
A Coruña,San Telmo de Mugardos,Zona de Seijo,43.45860933,-8.222728608
A Coruña,San Telmo de Porto do Son,Arealonga-1,42.68771098,-9.029882841
A Coruña,San Telmo de Porto do Son,Cabeiro-Porto do Son-1,42.73505684,-8.993317671
A Coruña,San Telmo de Porto do Son,Illa do Mar-1,42.6607176,-9.041412777
A Coruña,San Telmo de Porto do Son,Porcalleira-1,42.67288645,-9.034574332
A Coruña,San Telmo de Porto do Son,Porto do Son-Arnela-1,42.71101168,-9.011735355
A Coruña,San Telmo de Porto do Son,Porto Nadelas-1,42.6705794,-9.039576566
A Coruña,San Telmo de Porto do Son,Praia de Pementa-1,42.65625956,-9.042105269
A Coruña,San Telmo de Porto do Son,Praia do Canedo-1,42.66641834,-9.040916243
A Coruña,San Telmo de Porto do Son,Río Sieiro-1,42.6516135,-9.039723139
A Coruña,Santa María da Atalaia de Laxe,A Barda-1-2,43.28334558,-8.92839458
A Coruña,Santa María da Atalaia de Laxe,A Lagoa,43.1875221,-9.100123006
A Coruña,Santa María da Atalaia de Laxe,A Señora,43.18226218,-9.07848202
A Coruña,Santa María da Atalaia de Laxe,A Tiños,43.23332354,-8.944309839
A Coruña,Santa María da Atalaia de Laxe,Area Das Cunchas,43.26232947,-8.974877016
A Coruña,Santa María da Atalaia de Laxe,Area Das Vacas-1-2,43.22836413,-8.949006134
A Coruña,Santa María da Atalaia de Laxe,Arou,43.18611097,-9.107171972
A Coruña,Santa María da Atalaia de Laxe,As Lameiras-1-2,43.18651244,-9.111098278
A Coruña,Santa María da Atalaia de Laxe,Aviño,43.29420875,-8.739294658
A Coruña,Santa María da Atalaia de Laxe,Balares-1-2,43.24008501,-8.942148251
A Coruña,Santa María da Atalaia de Laxe,Balares-3-4,43.24144648,-8.945731215
A Coruña,Santa María da Atalaia de Laxe,Cabana,43.19355827,-9.132624362
A Coruña,Santa María da Atalaia de Laxe,Castelo Barca de Maje,43.31821739,-8.80356773
A Coruña,Santa María da Atalaia de Laxe,Coido Beo Esteiro,43.31928281,-8.853548839
A Coruña,Santa María da Atalaia de Laxe,Coido Seaia ,43.32497574,-8.814621798
A Coruña,Santa María da Atalaia de Laxe,Dos Rías-1,43.29413514,-8.742574124
A Coruña,Santa María da Atalaia de Laxe,Dos Rías-2-3,43.29408222,-8.747110915
A Coruña,Santa María da Atalaia de Laxe,Fonte Fría,43.31172472,-8.798187577
A Coruña,Santa María da Atalaia de Laxe,Fustín,43.23706819,-8.941670776
A Coruña,Santa María da Atalaia de Laxe,Hermida-1-2,43.26149451,-8.953906916
A Coruña,Santa María da Atalaia de Laxe,Illote Dos Cagallóns,43.23335948,-8.928028861
A Coruña,Santa María da Atalaia de Laxe,Insua,43.26942697,-8.98531139
A Coruña,Santa María da Atalaia de Laxe,Lobeiras,43.19468293,-9.11697152
A Coruña,Santa María da Atalaia de Laxe,Malpica,43.32416212,-8.815401275
A Coruña,Santa María da Atalaia de Laxe,O Besugueiro,43.19256946,-9.114346054
A Coruña,Santa María da Atalaia de Laxe,O Cabezo,43.18752221,-9.061801591
A Coruña,Santa María da Atalaia de Laxe,Os Ingleses,43.1838772,-9.161373514
A Coruña,Santa María da Atalaia de Laxe,Os Muíños,43.30915067,-8.788911094
A Coruña,Santa María da Atalaia de Laxe,Paio Pedreira,43.20326426,-9.03701417
A Coruña,Santa María da Atalaia de Laxe,Pradeiras,43.29724277,-8.731280651
A Coruña,Santa María da Atalaia de Laxe,Praia de Area Maior,43.32387075,-8.813416439
A Coruña,Santa María da Atalaia de Laxe,Praia de Arnela,43.26496359,-8.959941961
A Coruña,Santa María da Atalaia de Laxe,Praia de Barizo-1-2,43.31358933,-8.874069924
A Coruña,Santa María da Atalaia de Laxe,Praia de Beo-1-2,43.32119127,-8.846292385
A Coruña,Santa María da Atalaia de Laxe,Praia de Camelle-1-3,43.18140724,-9.090010656
A Coruña,Santa María da Atalaia de Laxe,Praia de Esteiro-1-3,43.31674024,-8.8580932
A Coruña,Santa María da Atalaia de Laxe,Praia de Laxe,43.22076642,-9.003927801
A Coruña,Santa María da Atalaia de Laxe,Praia de Niñóns-1,43.29575587,-8.907207338
A Coruña,Santa María da Atalaia de Laxe,Praia de Niñóns-2-3,43.29426989,-8.906938388
A Coruña,Santa María da Atalaia de Laxe,Praia de Osmo,43.26513349,-8.956688896
A Coruña,Santa María da Atalaia de Laxe,Praia de Razo-1-2,43.29207102,-8.704467061
A Coruña,Santa María da Atalaia de Laxe,Praia de Soesto-1-2,43.21766695,-9.020881545
A Coruña,Santa María da Atalaia de Laxe,Praia de Torradas,43.29450587,-8.735360847
A Coruña,Santa María da Atalaia de Laxe,Praia de Traba,43.19106802,-9.047258433
A Coruña,Santa María da Atalaia de Laxe,Praia do Trece,43.18538092,-9.154916962
A Coruña,Santa María da Atalaia de Laxe,Puntal do Curro,43.18764353,-9.105291806
A Coruña,Santa María da Atalaia de Laxe,Rebordelo,43.22854126,-8.965088619
A Coruña,Santa María da Atalaia de Laxe,Rega-1-2,43.30013371,-8.773050399
A Coruña,Santa María da Atalaia de Laxe,Río Covo,43.25431654,-8.950930984
A Coruña,Santa María da Atalaia de Laxe,Ríos,43.19118606,-9.135991317
A Coruña,Santa María da Atalaia de Laxe,Sabadelle,43.18184631,-9.080856358
A Coruña,Santa María da Atalaia de Laxe,San Miro-1-2,43.30097654,-8.76678412
A Coruña,Santa María da Atalaia de Laxe,San Pedro,43.22452687,-8.971284657
A Coruña,Santa María da Atalaia de Laxe,Seaia-1,43.32780783,-8.826170546
A Coruña,Santa María da Atalaia de Laxe,Sta. Mariña,43.29310651,-8.916284361
A Coruña,Santa María da Atalaia de Laxe,Sta. Mariña-1-2,43.29666574,-8.72716559
A Coruña,Santa María da Atalaia de Laxe,Taín,43.21138526,-9.04083548
A Coruña,Santa María da Atalaia de Laxe,Xareiro,43.31383804,-8.801756755
A Coruña,Santa María do Mar de Cedeira,Esda. de Pantin,43.64491264,-8.084994555
A Coruña,Santa María do Mar de Cedeira,Esda. do Esteiro,43.63964012,-8.068746436
A Coruña,Santa María do Mar de Cedeira,Esda. do Esteiro (Norte),43.63832524,-8.061005779
A Coruña,Santa María do Mar de Cedeira,Esda. do Esteiro (Sur),43.63378031,-8.056886444
A Coruña,Santa María do Mar de Cedeira,Praia de Cedeira (Magdalena),43.65667895,-8.057061366
A Coruña,Santa María do Mar de Cedeira,Praia de Vilarrube (Loira),43.64368816,-8.076048798
A Coruña,Santiago Apóstol de Barallobre,Neda,43.49590153,-8.170945684
A Coruña,Santiago Apóstol de Barallobre,Praia de Barallobre,43.46506475,-8.19274159
A Coruña,Santiago Apóstol de Barallobre,Praia de Maniños,43.46107581,-8.203005222
A Coruña,Virxe da Barca de Muxía,Pta. Roda-Pta. Lago,43.11721843,-9.164787523
A Coruña,Virxe do Carmen de Cabo de Cruz,A Ladeira do Chazo,42.61272904,-8.859689996
A Coruña,Virxe do Carmen de Cabo de Cruz,Ladeira de Triñans,42.62573023,-8.857246208
A Coruña,Virxe do Carmen de Cabo de Cruz,Mañóns,42.62896909,-8.847775057
A Coruña,Virxe do Carmen de Cabo de Cruz,Praia de Barraña,42.63574412,-8.88048277
A Coruña,Virxe do Carmen de Cabo de Cruz,Praia de Barraña-Arrecife da Marxa,42.6277396,-8.881949326
A Coruña,Virxe do Carmen de Cabo de Cruz,Retorta,42.60747819,-8.866797154
A Coruña,Virxe do Carmen de Corcubión,Estorde,42.94183336,-9.220076652
A Coruña,Virxe do Carmen de Corcubión,Ezaro,42.90672497,-9.129766017
A Coruña,Virxe do Carmen de Corcubión,Praia de Cee,42.95117205,-9.189707669
A Coruña,Virxe do Carmen de Corcubión,Pria de Corcubión,42.94570179,-9.192179222
A Coruña,Virxe do Carmen de Corcubión,Sicar,42.94925819,-9.187127487
A Coruña,Virxe do Carmen de Pontedeume,A Pillada-A Pía,43.4109985,-8.157221511
A Coruña,Virxe do Carmen de Pontedeume,Canle do Baroc,43.40731432,-8.160706033
A Coruña,Virxe do Carmen de Pontedeume,Croa Grande 1-2-3,43.4063477,-8.162732479
A Coruña,Virxe do Carmen de Pontedeume,Croa Pequena,43.40996796,-8.167734184
A Coruña,Virxe do Carmen de Pontedeume,Dia Oito,43.41343864,-8.162116017
A Coruña,Virxe do Carmen de Pontedeume,O Fabal,43.41100769,-8.170795408
A Coruña,Virxe do Carmen de Pontedeume,Peregil-1-2,43.40649513,-8.164422444
A Coruña,Virxe do Carmen de Pontedeume,Zopazos,43.41258779,-8.177628972
A Coruña,Virxe do Carmen de Rianxo,As Cunchas,42.63672639,-8.797614005
A Coruña,Virxe do Carmen de Rianxo,Colexios,42.65800026,-8.85232853
A Coruña,Virxe do Carmen de Rianxo,Grenla,42.63828734,-8.804512659
A Coruña,Virxe do Carmen de Rianxo,Iñobre-Porto,42.66772309,-8.830474123
A Coruña,Virxe do Carmen de Rianxo,O Furado,42.63704905,-8.842498401
A Coruña,Virxe do Carmen de Rianxo,Peirao de Rianxo,42.65094865,-8.820637809
A Coruña,Virxe do Carmen de Rianxo,Praia da Ria de Beluso,42.67260503,-8.837307346
A Coruña,Virxe do Carmen de Rianxo,Praia de A Seveira,42.63743151,-8.794062334
A Coruña,Virxe do Carmen de Rianxo,Praia de A Torre,42.66443131,-8.821428825
A Coruña,Virxe do Carmen de Rianxo,Praia de Agañán,42.64172248,-8.855794681
A Coruña,Virxe do Carmen de Rianxo,Praia de Agueiros,42.6530498,-8.854389886
A Coruña,Virxe do Carmen de Rianxo,Praia de Bodión,42.64549989,-8.859043032
A Coruña,Virxe do Carmen de Rianxo,Praia de Ladeira de Leiro,42.64544446,-8.773859143
A Coruña,Virxe do Carmen de Rianxo,Praia de Ladeira de Quinteiro,42.66392889,-8.847689795
A Coruña,Virxe do Carmen de Rianxo,Praia de Pereira Torta,42.63945254,-8.806558208
A Coruña,Virxe do Carmen de Rianxo,Praia de Sertaxe,42.63980453,-8.786699315
A Coruña,Virxe do Carmen de Rianxo,Praia de Sete Fogas,42.65466372,-8.817943008
A Coruña,Virxe do Carmen de Rianxo,Praia de Tanxil-Quenxo,42.64381465,-8.814034544
A Coruña,Virxe do Carmen de Rianxo,Praia de Tronco,42.64176166,-8.808746704
A Coruña,Virxe do Carmen de Rianxo,Praia do Porrón,42.63727372,-8.801612904
A Coruña,Virxe do Carmen de Rianxo,Rinlo-Longaras,42.6606664,-8.815399735
Lugo,Foz,Altar,43.56859809,-7.242649781
Lugo,Foz,Fondas 1-2,43.56207724,-7.254862162
Lugo,Foz,Fontorto-1,43.56023732,-7.244663429
Lugo,Foz,O Taro-1,43.55174268,-7.250282865
Lugo,Foz,O Taro-2-3,43.55335045,-7.25120198
Lugo,O Vicedo,Creximil,43.71426127,-7.697910399
Lugo,O Vicedo,Fomento-1,43.73658028,-7.673509925
Lugo,O Vicedo,Lombo Das Navallas,43.73504827,-7.692927587
Lugo,O Vicedo,Mexilloeira (Pontes),43.73138914,-7.69813533
Lugo,O Vicedo,Mexilloeira-Pta. Espiñeira,43.72483602,-7.695123748
Lugo,O Vicedo,Moledos,43.73187891,-7.679611086
Lugo,O Vicedo,Praia de Abrela,43.70207977,-7.612279241
Lugo,O Vicedo,Pta. Espiñeira-San Roque (Pta. Espiñeira),43.71970538,-7.695259948
Lugo,O Vicedo,Pta. Espiñeira-San Roque (San Roque),43.71480915,-7.690698764
Lugo,O Vicedo,Villabril-1-2,43.72333103,-7.696584163
Lugo,Ribadeo,A Vilavella-As Aceñas,43.52222781,-7.046327721
Lugo,Ribadeo,As Aceñas,43.51969023,-7.049589492
Lugo,Ribadeo,O Tesón (Norte),43.52705553,-7.041160145
Lugo,Ribadeo,O Tesón (Sur),43.52518987,-7.042111457
Lugo,Ribadeo,Praia Dos Bloques,43.52974169,-7.042384948
Lugo,Ribadeo,Pta. Salon-O Puntal,43.50984371,-7.051391263
Lugo,Ribadeo,Taro Frente A Chonos,43.5082986,-7.045799921
Lugo,Ribadeo,Taro Frente A Mirasol,43.52947722,-7.037987973
Lugo,Ribadeo,Taro Frente As Aceñas,43.5204261,-7.046274521
Lugo,Ribadeo,Tesón Dos Chonos,43.50341994,-7.046415037
Lugo,Santiago Apóstol de Celeiro,Canle,43.66938719,-7.596101367
Lugo,Santiago Apóstol de Celeiro,Entrepontes,43.66072822,-7.599999048
Lugo,Santiago Apóstol de Celeiro,Misericordia,43.66246261,-7.601930747
Lugo,Santiago Apóstol de Celeiro,Os Castelos-Praia Abrela,43.67420954,-7.61127189
Lugo,Santiago Apóstol de Celeiro,Praia de Abrela,43.70207977,-7.612279241
Lugo,Santiago Apóstol de Celeiro,Praia de Area,43.69184905,-7.57839146
Lugo,Santiago Apóstol de Celeiro,Praia de Celeiro (Pantalán),43.67824144,-7.594914843
Lugo,Santiago Apóstol de Celeiro,Praia de Covas,43.6738821,-7.599197038
Lugo,Santiago Apóstol de Celeiro,Praia de Sacido,43.67900677,-7.613344684
Pontevedra,Aldán-Hío,Area Cova (Pena Rubia-Cova Balea),42.27728246,-8.825800371
Pontevedra,Aldán-Hío,Menduiña (Laxe do Aire),42.29879438,-8.823241973
Pontevedra,Aldán-Hío,Praia San Cibrán,42.27883938,-8.819234937
Pontevedra,Aldán-Hío,Praia San Cibrán (Parque),42.27975747,-8.81889273
Pontevedra,Aldán-Hío,Praia Vilariño (Río Esteiro),42.2756685,-8.824592095
Pontevedra,Aldán-Hío,Praia Vilariño (Vilariño),42.27567375,-8.822154513
Pontevedra,Aldán-Hío,Pta. Alada (Area Brava),42.29888411,-8.848160145
Pontevedra,Aldán-Hío,Pta. Couso,42.30764553,-8.853853894
Pontevedra,Aldán-Hío,San Cibrán,42.28028886,-8.818903336
Pontevedra,Aldán-Hío,Vilariño,42.27537031,-8.823950183
Pontevedra,Aldán-Hío,Vilariño (Pta. Testada),42.27722831,-8.825727755
Pontevedra,La Anunciada de Baiona,Barbeira,42.1246363,-8.846411309
Pontevedra,La Anunciada de Baiona,Boca da Foz,42.12009401,-8.825396836
Pontevedra,La Anunciada de Baiona,Foz do Miñor,42.11725691,-8.819537602
Pontevedra,La Anunciada de Baiona,Paseo da Lonxa 1-2,42.11808722,-8.845411033
Pontevedra,La Anunciada de Baiona,Paseo da Lonxa-Ribeiriña-3,42.11858382,-8.84631705
Pontevedra,La Anunciada de Baiona,Ribeira,42.1210725,-8.848488619
Pontevedra,La Anunciada de Baiona,Sta. Marta,42.11382172,-8.835018514
Pontevedra,La Pastoriza de Vilanova,As Carballas-O Bote,42.55237051,-8.837705247
Pontevedra,La Pastoriza de Vilanova,As Sinas-1,42.5773773,-8.818216737
Pontevedra,La Pastoriza de Vilanova,As Sinas-2,42.57615075,-8.828760546
Pontevedra,La Pastoriza de Vilanova,Castelete-O Rego,42.54289555,-8.830885311
Pontevedra,La Pastoriza de Vilanova,Esteiro de Vilamaior,42.56128586,-8.831213308
Pontevedra,La Pastoriza de Vilanova,Illa Currás-O Esteiro,42.55641983,-8.823308501
Pontevedra,Ría de Vigo,Areiña,42.2603794,-8.700203124
Pontevedra,Ría de Vigo,Canido,42.19446899,-8.797965242
Pontevedra,Ría de Vigo,Pedra Oliveira,42.31770757,-8.647664604
Pontevedra,Ría de Vigo,Praia de Mende,42.26358861,-8.681273115
Pontevedra,Ría de Vigo,Sobreira,42.19037271,-8.809435182
Pontevedra,San André de Lourizán,A Canteira,42.42709315,-8.707785732
Pontevedra,San André de Lourizán,Ameixal-1,42.41987529,-8.685818804
Pontevedra,San André de Lourizán,Campelo,42.4278263,-8.685353625
Pontevedra,San André de Lourizán,Combarro,42.4342368,-8.69469516
Pontevedra,San André de Lourizán,Don Bernardo,42.42182638,-8.715638216
Pontevedra,San André de Lourizán,Fontemaior,42.40683036,-8.745880429
Pontevedra,San André de Lourizán,Ministro,42.42259026,-8.71862501
Pontevedra,San André de Lourizán,O Carballo,42.40891606,-8.744219226
Pontevedra,San André de Lourizán,O Covelo,42.41696919,-8.72929738
Pontevedra,San André de Lourizán,O Laño,42.4134957,-8.738269605
Pontevedra,San André de Lourizán,Ouriceira,42.42053985,-8.723544827
Pontevedra,San André de Lourizán,Placeres-1-2,42.41370539,-8.682264246
Pontevedra,San André de Lourizán,Polvorin,42.42022496,-8.678754999
Pontevedra,San André de Lourizán,Ponte da Autopista (Enbaixo),42.42453255,-8.657910057
Pontevedra,San André de Lourizán,Ponte da Autopista (S),42.42379708,-8.655908366
Pontevedra,San André de Lourizán,Puntada,42.42330055,-8.667714168
Pontevedra,San André de Lourizán,Raxo,42.40295643,-8.753515167
Pontevedra,San André de Lourizán,Sinas,42.40292218,-8.75017359
Pontevedra,San André de Lourizán,Xiorto,42.40211719,-8.75694518
Pontevedra,San Antonio de Cambados,Fefiñáns,42.51676811,-8.818124685
Pontevedra,San Antonio de Cambados,O Sarrido1-2,42.50212556,-8.824532495
Pontevedra,San Antonio de Cambados,Pantalán,42.51003203,-8.818314628
Pontevedra,San Antonio de Cambados,Pta. Tragove-Rego do Alcalde,42.52522221,-8.828254409
Pontevedra,San Antonio de Cambados,Saco de Fefiñáns,42.52264843,-8.817815434
Pontevedra,San Antonio de Cambados,Tubos,42.52019331,-8.820013954
Pontevedra,San Francisco de Vigo,Alcabre,42.22369624,-8.76571291
Pontevedra,San Francisco de Vigo,Bouzas,42.22411552,-8.759422467
Pontevedra,San Francisco de Vigo,Cabo Estai-1-2,42.19066568,-8.812328817
Pontevedra,San Francisco de Vigo,Etea,42.25814808,-8.694224519
Pontevedra,San Francisco de Vigo,Serral,42.19690805,-8.79702484
Pontevedra,San Francisco de Vigo,Toralla,42.20192436,-8.80204783
Pontevedra,San Francisco de Vigo,Toralla (Ponte),42.20038845,-8.799266681
Pontevedra,San Francisco de Vigo,Vulcano,42.25335932,-8.705534087
Pontevedra,San Gregorio de Raxó,A Canteira,42.42709315,-8.707785732
Pontevedra,San Gregorio de Raxó,Ameixal-1,42.41987529,-8.685818804
Pontevedra,San Gregorio de Raxó,Campelo,42.4278263,-8.685353625
Pontevedra,San Gregorio de Raxó,Combarro,42.4342368,-8.69469516
Pontevedra,San Gregorio de Raxó,Don Bernardo,42.42182638,-8.715638216
Pontevedra,San Gregorio de Raxó,Fontemaior,42.40683036,-8.745880429
Pontevedra,San Gregorio de Raxó,Ministro,42.42259026,-8.71862501
Pontevedra,San Gregorio de Raxó,O Carballo,42.40891606,-8.744219226
Pontevedra,San Gregorio de Raxó,O Covelo,42.41696919,-8.72929738
Pontevedra,San Gregorio de Raxó,O Laño,42.4134957,-8.738269605
Pontevedra,San Gregorio de Raxó,Ouriceira,42.42053985,-8.723544827
Pontevedra,San Gregorio de Raxó,Placeres-1-2,42.41370539,-8.682264246
Pontevedra,San Gregorio de Raxó,Polvorin,42.42022496,-8.678754999
Pontevedra,San Gregorio de Raxó,Ponte da Autopista (Enbaixo),42.42453255,-8.657910057
Pontevedra,San Gregorio de Raxó,Ponte da Autopista (S),42.42379708,-8.655908366
Pontevedra,San Gregorio de Raxó,Puntada,42.42330055,-8.667714168
Pontevedra,San Gregorio de Raxó,Raxo,42.40295643,-8.753515167
Pontevedra,San Gregorio de Raxó,Sinas,42.40292218,-8.75017359
Pontevedra,San Gregorio de Raxó,Xiorto,42.40211719,-8.75694518
Pontevedra,San José de Cangas,A Sinal,42.26264404,-8.781767372
Pontevedra,San José de Cangas,Congorza,42.24859329,-8.790907318
Pontevedra,San José de Cangas,Illa Dos Ratos,42.25869808,-8.763000986
Pontevedra,San José de Cangas,Masso,42.25521654,-8.787987977
Pontevedra,San Juan de Redondela,A Barra/Praia Vella (A Telleira)-2,42.2936768,-8.621499354
Pontevedra,San Juan de Redondela,A Barra/Praia Vella (EntrerRíos)-3,42.29289606,-8.625094653
Pontevedra,San Juan de Redondela,A Barra/Praia Vella (Varadero)-1,42.29486054,-8.617258595
Pontevedra,San Juan de Redondela,A Portela (A Rebouza),42.28826252,-8.623763615
Pontevedra,San Juan de Redondela,A Portela-1-2,42.28854925,-8.62058394
Pontevedra,San Juan de Redondela,A Punta do Cabo,42.30971181,-8.625468096
Pontevedra,San Juan de Redondela,A Telleira,42.2879933,-8.615905272
Pontevedra,San Juan de Redondela,Arealonga,42.2653694,-8.677177948
Pontevedra,San Juan de Redondela,Cabanas,42.28119937,-8.663610541
Pontevedra,San Juan de Redondela,Cobreiro,42.30472633,-8.626674525
Pontevedra,San Juan de Redondela,Illa de San Simon,42.30880401,-8.628798068
Pontevedra,San Juan de Redondela,Lonxa-Loureiro,42.30234903,-8.615866557
Pontevedra,San Juan de Redondela,O Regato,42.31202893,-8.620758439
Pontevedra,San Juan de Redondela,Porto Cedeira,42.28644166,-8.628795959
Pontevedra,San Juan de Redondela,Praia de Cesantes,42.30566209,-8.618200206
Pontevedra,San Juan de Redondela,Sobreiro-Soutoxusto,42.31837711,-8.617698613
Pontevedra,San Martiño de Moaña,A Tella-1,42.28596677,-8.680444716
Pontevedra,San Martiño de Moaña,Aradoiro,42.29194457,-8.657791472
Pontevedra,San Martiño de Moaña,Arroas-1,42.27701057,-8.709401806
Pontevedra,San Martiño de Moaña,Arroas-2,42.27662637,-8.710616308
Pontevedra,San Martiño de Moaña,Borna-A Tella,42.2817773,-8.686396655
Pontevedra,San Martiño de Moaña,Borna-Zona(1-3),42.28206901,-8.701204007
Pontevedra,San Martiño de Moaña,Canabal-Peirao Tiran,42.2621201,-8.758514193
Pontevedra,San Martiño de Moaña,Con,42.27195899,-8.739789725
Pontevedra,San Martiño de Moaña,Domaio (Solenidos),42.28985167,-8.675184959
Pontevedra,San Martiño de Moaña,Fandicosta,42.29091282,-8.671467693
Pontevedra,San Martiño de Moaña,Meira,42.28443324,-8.717227206
Pontevedra,San Martiño de Moaña,Meira (Solenidos),42.28249167,-8.71876408
Pontevedra,San Martiño de Moaña,O Cocho-1-2,42.28025492,-8.713825773
Pontevedra,San Martiño de Moaña,Praia da Xunqueira,42.28408459,-8.729503119
Pontevedra,San Martiño de Moaña,Praia de Domaio,42.28973861,-8.676604737
Pontevedra,San Martiño de Moaña,Rande,42.29056926,-8.661716921
Pontevedra,San Martiño de Moaña,Tiran,42.2680377,-8.750330989
Pontevedra,San Martiño de Moaña,Xunqueira (Solenidos),42.28208791,-8.730651732
Pontevedra,San Martiño de O Grove,A Fianteira,42.45971258,-8.833821605
Pontevedra,San Martiño de O Grove,Arnosa,42.46152303,-8.840336188
Pontevedra,San Martiño de O Grove,Cabreiron,42.49810179,-8.844527036
Pontevedra,San Martiño de O Grove,Casa da Toxa (P),42.49239914,-8.836667827
Pontevedra,San Martiño de O Grove,Con Roibo,42.49734033,-8.886320516
Pontevedra,San Martiño de O Grove,Correlo-Illote Insuíña (1-2),42.49655511,-8.827286273
Pontevedra,San Martiño de O Grove,Ganchiño,42.46755068,-8.823728941
Pontevedra,San Martiño de O Grove,Hotel,42.48334098,-8.844417582
Pontevedra,San Martiño de O Grove,Illeiriña,42.49392909,-8.849040007
Pontevedra,San Martiño de O Grove,Illote de Beiro,42.4821664,-8.835246572
Pontevedra,San Martiño de O Grove,Illote de Marma,42.46703481,-8.847048914
Pontevedra,San Martiño de O Grove,Illote Touris,42.4643809,-8.856202371
Pontevedra,San Martiño de O Grove,Insuiñas,42.47118109,-8.830372941
Pontevedra,San Martiño de O Grove,Lavaxeira,42.48820647,-8.884426653
Pontevedra,San Martiño de O Grove,Loraña-Sinal,42.46909693,-8.861008709
Pontevedra,San Martiño de O Grove,Lordelo-Cubreiro,42.4991291,-8.866467528
Pontevedra,San Martiño de O Grove,Moreiras,42.48546344,-8.888228007
Pontevedra,San Martiño de O Grove,Peralto-A Cruz,42.45973836,-8.845826082
Pontevedra,San Martiño de O Grove,Piscina,42.48856412,-8.844209947
Pontevedra,San Martiño de O Grove,Porto de Meloxo,42.49107239,-8.886477892
Pontevedra,San Martiño de O Grove,Rego do Sol,42.48073735,-8.831040634
Pontevedra,San Martiño de O Grove,Rons (P),42.49941158,-8.877481092
Pontevedra,San Martiño de O Grove,Saíñas,42.47700479,-8.828276827
Pontevedra,San Martiño de O Grove,San Bastian,42.49700865,-8.842022749
Pontevedra,San Martiño de O Grove,Teixeira,42.48718625,-8.831497831
Pontevedra,San Martiño de O Grove,Terra de Porto Ou Mina,42.49932183,-8.869594893
Pontevedra,San Martiño de O Grove,Touris de Dentro,42.46395353,-8.867758653
Pontevedra,San Martiño de O Grove,Via Norte Ou Via de Abaixo,42.49127107,-8.855021264
Pontevedra,San Martiño de O Grove,Via Sur Ou Via de Arriba,42.48194217,-8.85597966
Pontevedra,San Roque de Portonovo,Praia Canelas Zona 4,42.38875132,-8.831749201
Pontevedra,San Roque de Portonovo,Praia de Bascuas Zona 2,42.40348576,-8.858856934
Pontevedra,San Roque de Portonovo,Praia Faxilda/Pragueiras Ou Pociñas Zona 1,42.41301677,-8.868655698
Pontevedra,San Roque de Portonovo,Praia Montalvo Zona 3,42.39754963,-8.850838661
Pontevedra,San Telmo de Pontevedra,A Canteira,42.42709315,-8.707785732
Pontevedra,San Telmo de Pontevedra,Ameixal-1,42.41987529,-8.685818804
Pontevedra,San Telmo de Pontevedra,Campelo,42.4278263,-8.685353625
Pontevedra,San Telmo de Pontevedra,Combarro,42.4342368,-8.69469516
Pontevedra,San Telmo de Pontevedra,Don Bernardo,42.42182638,-8.715638216
Pontevedra,San Telmo de Pontevedra,Fontemaior,42.40683036,-8.745880429
Pontevedra,San Telmo de Pontevedra,Ministro,42.42259026,-8.71862501
Pontevedra,San Telmo de Pontevedra,O Carballo,42.40891606,-8.744219226
Pontevedra,San Telmo de Pontevedra,O Covelo,42.41696919,-8.72929738
Pontevedra,San Telmo de Pontevedra,O Laño,42.4134957,-8.738269605
Pontevedra,San Telmo de Pontevedra,Ouriceira,42.42053985,-8.723544827
Pontevedra,San Telmo de Pontevedra,Placeres-1-2,42.41370539,-8.682264246
Pontevedra,San Telmo de Pontevedra,Polvorín,42.42022496,-8.678754999
Pontevedra,San Telmo de Pontevedra,Ponte da Autopista (Enbaixo),42.42453255,-8.657910057
Pontevedra,San Telmo de Pontevedra,Ponte da Autopista (S),42.42379708,-8.655908366
Pontevedra,San Telmo de Pontevedra,Puntada,42.42330055,-8.667714168
Pontevedra,San Telmo de Pontevedra,Raxo,42.40295643,-8.753515167
Pontevedra,San Telmo de Pontevedra,Sinas,42.40292218,-8.75017359
Pontevedra,San Telmo de Pontevedra,Xiorto,42.40211719,-8.75694518
Pontevedra,San Xulián da Illa de Arousa,A Canteira-1,42.55558743,-8.859562267
Pontevedra,San Xulián da Illa de Arousa,A Salga-Avilleira,42.56077933,-8.871111595
Pontevedra,San Xulián da Illa de Arousa,Area de Secada-Pta. Campelo-1-2,42.57436801,-8.878406749
Pontevedra,San Xulián da Illa de Arousa,As Aceñas-1,42.53521444,-8.873429155
Pontevedra,San Xulián da Illa de Arousa,Avilleira,42.55660756,-8.869268599
Pontevedra,San Xulián da Illa de Arousa,Camaxe-Salinas-1,42.53947464,-8.865906648
Pontevedra,San Xulián da Illa de Arousa,Comboa,42.55567276,-8.870854116
Pontevedra,San Xulián da Illa de Arousa,Espiñeiro,42.54592207,-8.873176118
Pontevedra,San Xulián da Illa de Arousa,Gradin,42.55372071,-8.872831445
Pontevedra,San Xulián da Illa de Arousa,Lagartiño,42.56565244,-8.864169315
Pontevedra,San Xulián da Illa de Arousa,Mallón,42.54901196,-8.873985922
Pontevedra,San Xulián da Illa de Arousa,O Campo,42.56327671,-8.873603919
Pontevedra,San Xulián da Illa de Arousa,Os Espiños,42.53319888,-8.875016223
Pontevedra,San Xulián da Illa de Arousa,Praia A Arnela-1,42.52518943,-8.864232654
Pontevedra,San Xulián da Illa de Arousa,Praia de Xastelas-1,42.53006416,-8.866426007
Pontevedra,San Xulián da Illa de Arousa,Praia do Bao-1,42.54645783,-8.854175042
Pontevedra,San Xulián da Illa de Arousa,Praia do Barco,42.53363333,-8.87702456
Pontevedra,San Xulián da Illa de Arousa,Praia do Peixe,42.55203906,-8.875039542
Pontevedra,San Xulián da Illa de Arousa,Pta. Aguiuncho-Pta. Furado,42.56739264,-8.858451453
Pontevedra,San Xulián da Illa de Arousa,Pta. Campelo-Campiño,42.56495879,-8.871809611
Pontevedra,San Xulián da Illa de Arousa,Pta. Quilma-Espiñeiro,42.54175009,-8.879395632
Pontevedra,San Xulián da Illa de Arousa,Pta. Revello,42.53421285,-8.879994636
Pontevedra,San Xulián da Illa de Arousa,Semiño-Testos,42.55992928,-8.876095824
Pontevedra,San Xulián da Illa de Arousa,Testos-Area de Secada,42.56037085,-8.885012312
Pontevedra,Santa María do Porto de Marín,Fontemaior,42.40683036,-8.745880429
Pontevedra,Santa Rosalía de Sanxenxo,Fontemaior,42.40683036,-8.745880429
Pontevedra,Santa Rosalía de Sanxenxo,Praia de Area de Agra Zona 2,42.39441592,-8.769489434
Pontevedra,Santa Rosalía de Sanxenxo,Praia de Areas Zona 3,42.39381333,-8.779053624
Pontevedra,Santa Rosalía de Sanxenxo,Praia de Barreiros Zona 5,42.39757694,-8.793037965
Pontevedra,Santa Rosalía de Sanxenxo,Praia de Nanín Zona 4,42.39734084,-8.787060646
Pontevedra,Santa Rosalía de Sanxenxo,Praia de Pampaido Zona 1,42.39719547,-8.759114825
Pontevedra,Santa Rosalía de Sanxenxo,Praia de Silgar Zona 7,42.40058143,-8.811898946
Pontevedra,Santa Rosalía de Sanxenxo,Pria de Carabuxeira Zona 6,42.40030827,-8.799517716
Pontevedra,Santiago Apóstol de Carril,A Fangueira,42.62304972,-8.775049899
Pontevedra,Santiago Apóstol de Carril,Lombos de Ulla,42.63063672,-8.768131911
Pontevedra,Santiago Apóstol de Carril,Pedra do Pico,42.62401404,-8.770863686
Pontevedra,Santiago Apóstol de Carril,Praia de Compostela,42.60856805,-8.77024977
Pontevedra,Vilaboa,Cabalo,42.32490321,-8.64176246
Pontevedra,Vilaboa,Cabalo (Poliqueto),42.3251357,-8.641227127
Pontevedra,Vilaboa,Calera,42.29665168,-8.653750557
Pontevedra,Vilaboa,Cunchido,42.33362346,-8.636772682
Pontevedra,Vilaboa,Deilan,42.32076266,-8.648315031
Pontevedra,Vilaboa,Larache,42.34203674,-8.634429813
Pontevedra,Vilaboa,Pedra Oliveira,42.31770757,-8.647664604
Pontevedra,Vilaboa,Pta. San Adrian,42.29943121,-8.652631341
Pontevedra,Vilaboa,Río Maior,42.31863533,-8.653617925
Pontevedra,Vilaboa,San Adrian,42.31000128,-8.660593654
Pontevedra,Virgen del Rosario de Vilaxoán,Esteiro do Rial (Fora),42.58267973,-8.800786787
Pontevedra,Virgen del Rosario de Vilaxoán,Esteiro do Rial-Interior Enseada,42.58172071,-8.798267267
Pontevedra,Virgen del Rosario de Vilaxoán,Praia de Borreiros-1,42.58059432,-8.803060044
Pontevedra,Virgen del Rosario de Vilaxoán,Praia de Canelas-1,42.59341237,-8.784639257
Pontevedra,Virgen del Rosario de Vilaxoán,Praia de Castelete-1,42.59174264,-8.787497066
Pontevedra,Virgen del Rosario de Vilaxoán,Praia de Coron Ou Aduana-1,42.57805175,-8.806614062
Pontevedra,Virgen del Rosario de Vilaxoán,Praia de Preguntoiro-1,42.58588989,-8.792952415
Pontevedra,Virgen del Rosario de Vilaxoán,Praia de Saíñas-1,42.58406887,-8.796943523
Pontevedra,Virxe do Carmen de Arcade,Area Nova,42.33178861,-8.620821824
Pontevedra,Virxe do Carmen de Arcade,Cunchido,42.33362346,-8.636772682
Pontevedra,Virxe do Carmen de Arcade,Estralo (Zona Arcade),42.33144606,-8.623457804
Pontevedra,Virxe do Carmen de Arcade,La Conejera,42.33727752,-8.616661586
Pontevedra,Virxe do Carmen de Arcade,Larache,42.34203674,-8.634429813
Pontevedra,Virxe do Carmen de Arcade,Malvinas,42.32848966,-8.625478095
Pontevedra,Virxe do Carmen de Arcade,Pedra Oliveira,42.31770757,-8.647664604
Pontevedra,Virxe do Carmen de Arcade,Puntal-1,42.33158311,-8.618601819
Pontevedra,Virxe do Carmen de Arcade,Puntal-2,42.33337206,-8.61761995
Pontevedra,Virxe do Carmen de Arcade,Puntal-4,42.33025203,-8.616449357
Pontevedra,Virxe do Carmen de Arcade,Río Das Alvedosas-1,42.33578673,-8.623371217
Pontevedra,Virxe do Carmen de Arcade,Río de Paredes-1,42.33425157,-8.630408529
Pontevedra,Virxe do Carmen de Arcade,Río de Paredes-2,42.33605072,-8.629766777
Pontevedra,Virxe do Carmen de Arcade,Río do Medio1-3,42.33412887,-8.620419337
